,Tweet_Id,Tweet_Content,Label_senetence_level,Label_word_level
0,1130097107333836800,rt vipulananda choose srilanka lankan group chose isi rand easter terrorism lka,Real,Real
1,1130043387724353536,choose srilanka lankan group chose isi rand easter terrorism lka,Real,Real
2,1129755645698297857,virulent buddhist nationalism fueled antimuslim attack srilanka recent day month preceding easter terror attack clear present danger writes michaelkugelman opinion lka,Real,Fake
3,1129449756512727040,srilanka people pray friday noon prayer mosque colombo lankas minority muslim attended prayer today heavily armed troop guarded mosque including badly vandalized riot wake easter terror attack afp,Real,Fake
4,1129435664393691138,opinion srilanka burning lka easter terrorism,Real,Fake
5,1129382522335375366,rt vipulananda threat srilanka threat india say envoy fight ideology terror together shoulder shoulder taranjit singh sandhu said assuring indian support lanka lka easter terrorism extremism,Real,Fake
6,1129374574527897601,rt vipulananda threat srilanka threat india say envoy fight ideology terror together shoulder shoulder taranjit singh sandhu said assuring indian support lanka lka easter terrorism extremism,Real,Real
7,1129369858779566081,threat srilanka threat india say envoy fight ideology terror together shoulder shoulder taranjit singh sandhu said assuring indian support lanka lka easter terrorism extremism,Real,Fake
8,1129298331744768000,eastersundayattackslk srilankaattacks srilankan colombo attack sri srilanka lka isi easter news muslim police country sunday government today sinhalanews today,Real,Real
9,1129290475507191808,srilanka easter easterattacksl srilanka lka unity sri lanka,Fake,Fake
10,1128982500901117952,genuine question next zaharan emerge srilanka easter attack srilankaattacks srilankaattack sri lanka,Fake,Fake
11,1128966069069258753,eastersundayattackslk srilankaattacks srilankan colombo attack sri srilanka lka india isi easter news muslim police country sunday government today,Fake,Fake
12,1128950288507760640,ද ශප ලන ට යන න මහත තය හම බ කරන නන ල ජ ජය න say politics via youtube government today security sunday terrorist eastersundayattackslk country terrorism muslim news easter srilankaattacks face isi lka srilanka sinhala,Fake,Fake
13,1128885974929432579,ඉස ල ම ආගම අදහන ව ශ ර ම ක ප ල ස න ළධ ර මහත ක රට ව න ව න via youtube government today security sunday terrorist eastersundayattackslk country terrorism president police muslim easter srilankaattacks lka srilanka sinhala,Fake,Fake
14,1128879152457641985,save country politician via youtube government today security sunday terrorist eastersundayattackslk country terrorism president police muslim news easter srilankaattacks face isi lka srilanka sinhala arrest,Fake,Fake
15,1128532622915907584,rt chathu photo courtesy reuters eastersundayattackssl easterattacksl easterattacksl easter srilanka srilankaterrorattacks isi eurekagangabada azzamameen rwunp officialunp munza maithripalas,Fake,Fake
16,1128314148251738113,people today inspect vandalized shop minuwangoda suburb colombo srilanka mob attack muslim community lankas northwest left person dead amp dozen shop amp mosque destroyed minister said communal violence worsened wake easter attack ap,Fake,Fake
17,1128310201520676864,srilanka security personnel stand guard today outside damaged shop mob attack minuwangoda lankan province north colombo indefinite curfew first death antimuslim riot wake easter terror attack police said afp photo lka,Fake,Fake
18,1128309202299052032,people gather today outside damaged shop mob attack minuwangoda north srilanka capital colombo province north capital indefinite curfew may first death antimuslim riot wake easter terror attack afp photo,Fake,Fake
19,1128308434783408128,men stand today front damaged jumha mosque mob attack minuwangoda north srilanka capital colombo province north capital indefinite curfew may first death antimuslim riot wake easter terror attack afp photo lka,Fake,Fake
20,1128306593542676480,men stand today front damaged jumha mosque mob attack minuwangoda north srilanka capital colombo province north colombo indefinite curfew may first death antimuslim riot wake easter terror attack afp photo lka,Fake,Fake
21,1128305709140017153,man look outside almasjidul hudha mosque mob attack kottampitiya srilanka today reuters photo lka easter,Fake,Fake
22,1128304644038504449,heavilyarmed srilanka soldier ride motorcycle today near jumha mosque mob attack minuwangoda lanka province north colombo indefinite curfew may first death antimuslim riot wake easter terror attack afp photo lka,Fake,Fake
23,1128304011025756160,srilanka soldier patrol road hettipola today top armored vehicle mob attack mosque nearby village kottampitiya lanka reuters photo lka easter,Fake,Fake
24,1127963215067996160,srilanka lka eastersundayattackslk easter,Fake,Fake
25,1127927186927882240,srilanka loses faith government look cardinal leadership lka easter,Fake,Fake
26,1127913299939610624,srilanka police officer stand guard main entrance st theresa church catholic church hold service may easter attack colombo thousand catholic attended mass colombo mid tight security afp photo lka,Fake,Fake
27,1127911013418971136,man stand front abbraar masjid mosque mob attack kiniyama srilanka reuters photo lka easter,Fake,Fake
28,1127756757659308034,whatsapp viber facebook ත වක ල කව අත හ ට වය socialmedia engagesminsl srilanka easter,Fake,Fake
29,1127717563629092864,rt vipulananda srilanka soldier stand guard st lucias cathedral holy mass held bless victim easter sunday attack colombo total people killed nearly wounded least foreigner among dead afp photo,Fake,Fake
30,1127636449795432448,srilanka soldier stand guard st lucias cathedral holy mass held bless victim easter sunday attack colombo total people killed nearly wounded least foreigner among dead afp photo,Fake,Fake
31,1127583366298185729,srilanka army soldier stand guard outside st theresa church catholic church hold service today easter terror attack colombo afp photo,Fake,Fake
32,1127405555180560389,easter terror attack bring srilanka tamil leadership together lka,Fake,Fake
33,1127101473156763653,rt nadeemnusrat south asia minority alliance foundation participates vigil washington dc victim eastersunday bombing srilanka along member congress diplomat representative various religious organisation,Fake,Fake
34,1126566168892981255,rt worldofvikram give shiver even imagine shangrilacolombo fateful easter sunday srilanka colombo galle terror terrorist terroristattack bomb luxury,Fake,Fake
35,1126566147011301376,give shiver even imagine shangrilacolombo fateful easter sunday srilanka colombo galle terror terrorist terroristattack bomb luxury,Fake,Fake
36,1126189136547864576,srilanka army chief easter terror attack terrorist spent time india lka,Fake,Fake
37,1126179176573050880,teacher trade unionist politician try get mileage schoolchildrens low participation srilanka school due fear easter attack one parent said today long keep child home attention maithripalas,Fake,Fake
38,1126036150337069056,dutyfree import security equipment srilanka new move easter terror attack lka,Fake,Fake
39,1125899204268830720,extremist linked easter bombing killed arrested say srilanka top cop lanka safe lka travel tourism,Fake,Fake
40,1125763027561664512,rt vipulananda addressing parliament today srilanka tamil mp sritharan rap arrest jaffna university student criticizes harrasment civilian north east tough antiterror regulation introduced easter bombing lka,Fake,Fake
41,1125690795959431168,rt vipulananda addressing parliament today srilanka tamil mp sritharan rap arrest jaffna university student criticizes harrasment civilian north east tough antiterror regulation introduced easter bombing lka,Fake,Fake
42,1125440499207135232,deep sadness remember life lost easter attack two week ago condemn terrorism wish focus message compassion resilience unity amp hope easter remembrance uniteasone lka srilanka unityindiversity,Fake,Fake
43,1125386032935890944,rt ahramonline srilanka catholic church appeal calm christianmuslims clash negombo easter,Fake,Fake
44,1125103913525444608,arvloshan ordinaryinnocent people srilanka use social medium gain information may suffer due socialmedia blackout amid tough security measure prevent fresh violence easter terror attack lka medium,Fake,Fake
45,1124681322943918081,srilanka president maithripala sirisena said security force would eradicate terrorism amp restore stability presidential election due yearend vowing bring heel terrorist linked easter suicide attack election cannot postponed reuters lka,Fake,Fake
46,1124524027194658816,rt bbcsinhala ම ක ස න ම යට වඩ බරපතල තත ත වයක easter sunday attack future srilank tourism sector srilanka lk easter,Fake,Fake
47,1124336975882801153,rt vipulananda relative mourn beside coffin srilanka terror attack victim burial ceremony cemetery colombo today series bomb attack targeting church luxury hotel easter sunday lanka afp photo lka,Fake,Fake
48,1124334293457805312,backstory finding solace amid bloodshed christchurch colombo srilanka lka easter,Fake,Fake
49,1124307123972837376,srilanka court today released bail newdelhibased reuters journalist dansiddiqui arrested charge trespassing covering aftermath easter terror attack police arrested photographer following complaint school katana north colombo afp lka,Fake,Fake
50,1124163949602017280,rt ewtnvatican wake easter sunday massacre srilanka shepherd discus ncregister consoling traumatized flock fostering reconciliation also stress need punish perpetrator catholic,Fake,Fake
51,1124013354215981057,relative mourn beside coffin srilanka terror attack victim burial ceremony cemetery colombo today series bomb attack targeting church luxury hotel easter sunday lanka afp photo lka,Fake,Fake
52,1124010546041425920,srilanka soldier stand guard outside st anthony shrine colombo today week series terror bomb blast targeting church luxury hotel easter sunday lankas catholic church scrapped plan resume sunday service afp photo lka,Fake,Fake
53,1124007049766031361,awardwinning reuters photo journalist dansiddiqui detained srilanka news report say amid security crackdown wake easter terror attack church colombo luxury hotel medium lka,Fake,Fake
54,1123990095382622211,indiabased iraqborn reuters photo journalist arrested trying forcibly enter school katana near negombo srilanka amid tension easter terror attack lka medium reutersindia,Fake,Fake
55,1123979848911937537,india journalist sibdiqui ahmad danish detained srilanka day amid tension easter terror attack police say medium accreditation govt lka,Fake,Fake
56,1123936561740034048,death toll srilanka easter suicide terror attack risen authority said least dead foreigner missing tourist still accounted afp lka travel tourism,Fake,Fake
57,1123918518959968257,rt vidiyallk fathima madaniya sister srilanka easter bombing ring leader zahran hashim arrested police million money house lka srilanka eastnews eastersundayattackslk,Fake,Fake
58,1123903276355923970,isi used bitcoin fund horrific srilanka easter bombing research claim eastersundayattackssl srilanka,Fake,Fake
59,1123898185334886400,rt vidiyallk isi used bitcoin fund horrific srilanka easter bombing research claim eastersundayattackssl srilanka eastersundayattackssl srilanka,Fake,Fake
60,1123898067382566923,isi used bitcoin fund horrific srilanka easter bombing research claim eastersundayattackssl srilanka eastersundayattackssl srilanka,Fake,Fake
61,1123795360961503232,rt vidiyallk fathima madaniya sister srilanka easter bombing ring leader zahran hashim arrested police million money house lka srilanka eastnews eastersundayattackslk,Fake,Fake
62,1123640573863387136,srilanka easter terror attack may new strategy president warns lka,Fake,Fake
63,1123622710960017408,easter blast srilanka isi created illuminati oneeye expecting motherfucking racist people confusion hit church puzzle masterplaners,Fake,Fake
64,1123600405034876935,china scientist killed april colombo srilanka easter terror blast others wounded kingsbury lka travel hotel,Fake,Fake
65,1123594574113300481,fathima madaniya sister srilanka easter bombing ring leader zahran hashim arrested police million money house lka srilanka eastnews eastersundayattackslk,Fake,Fake
66,1123588040864219138,rumor opposition leader former srilanka president opposed burqa ban false lka easter terror,Fake,Fake
67,1123548322684375044,jaffna mp prominent lawyer sumanthiran speaks srilanka development easter terror attack lka,Fake,Fake
68,1123464449342550016,saudi embassy advises national leave srilanka amid security concern easter terror attack lka,Fake,Fake
69,1123458412308832257,canadabased srilanka senior political analyst writes lanka crisis wake easter terror attack lka,Fake,Fake
70,1123447101541761024,srilanka easter terror bombing carry stark message india column lka,Fake,Fake
71,1123315800281157639,saudi embassy advisory citizen srilanka lka diplomacy colombo easter,Fake,Fake
72,1123156282549182464,follower srilanka easter bomber sought india terror attack police lka,Fake,Fake
73,1123149592667860992,srilanka cardinal refuse bulletproof vehicle provided govt amid new terror attack concern easter bombing church lka,Fake,Fake
74,1123140476796850176,srilanka forecast drop tourist arrival easter terror attack,Fake,Fake
75,1123106206992801792,srilanka easter terror attack top saudi columnist stress need international involvement probe recall tamil separatist terrorism past lka,Fake,Fake
76,1123103254005583873,officialunp stalwart reject claim srilanka intelligence operation weakened wake easter terror bombing lka,Fake,Fake
77,1123101942190870528,top srilanka journalist call caution amid govt security crackdown wake easter terror attack lka extremism,Fake,Fake
78,1122999960692248576,srilanka western province governor mazathssalley highlight need united action terrorism reject call govt resign easter bombing lka,Fake,Fake
79,1122986776241557504,nyt journalist tweet suggests call easter terror attack srilanka revenge iraq baghuz village lka,Fake,Fake
80,1122985263599370243,claim easter srilanka terror attack carried revenge fall iraq town baghuz lka,Fake,Fake
81,1122893648151097345,srilanka soldier return base following operation searching explosive amp suspect tied local group terrorist kalmunai catholic church urged govt crack extremist vigor aftermath easter bombing ap photo lka,Fake,Fake
82,1122823462643322880,gate heaven open split second called rest asked spread love forgiveness srilanka eastersunday easter easterattacksl art watercolor painting,Fake,Fake
83,1122771273879130113,rt vipulananda top official allege srilanka president briefed advance easter terror attack lka easterattackssl,Fake,Fake
84,1122762085887295488,srilanka alert terror attack militant disguised uniform lka easter,Fake,Fake
85,1122750861376217088,top official allege srilanka president briefed advance easter terror attack lka easterattackssl,Fake,Fake
86,1122738019608539136,srilanka ban burqa easter carnage lka security humanrights,Fake,Fake
87,1122572366767325185,srilanka president ban garment face covering easter terror attack probe continues lka veil,Fake,Fake
88,1122484045835718661,rt vipulananda srilanka christian devotee light candle pray barricade near colombo devastated st anthony shrine today week series terror blast targeting church amp luxury hotel easter sunday afp photo,Fake,Fake
89,1122470317430116358,rt vipulananda srilanka christian devotee light candle pray barricade near colombo devastated st anthony shrine today week series terror blast targeting church amp luxury hotel easter sunday afp photo,Fake,Fake
90,1122467777468674049,srilanka christian devotee light candle pray barricade near colombo devastated st anthony shrine today week series terror blast targeting church amp luxury hotel easter sunday afp photo,Fake,Fake
91,1122466160224669696,srilanka christian wept defiantly prayed today lit candle barricade near colombo devastated st anthony shrine victim horrific easter terror bombing afp photo lka,Fake,Fake
92,1122464988675710977,rt vipulananda srilanka army personnel search people bag checkpoint today kattankudy near batticaloa security stepped easter terror attack reuters photo,Fake,Fake
93,1122464543660290048,srilanka army personnel search people bag checkpoint today kattankudy near batticaloa security stepped easter terror attack reuters photo,Fake,Fake
94,1122386299166420992,rt hsajwanization friday killed muslim christchurch mosque easter sunday killed christian srilanka church passover saturday shoot jew sandiego synagogue terrorism religion,Fake,Fake
95,1122355742361538560,strain government led intelligence breakdown say srilanka pm rwunp easter terror attack lka,Fake,Fake
96,1122248568050540546,avoid nonessential travel srilanka india issue advisory easter terror attack lka,Fake,Fake
97,1122246760062234625,body saudi arabian airline crew killed srilanka easter terror attack arrive ksa saudiarabia lka travel,Fake,Fake
98,1122208717783621632,kattankudy remote srilanka enclave produced easter terror bombing mastermind lka,Fake,Fake
99,1122167903581663235,rt thebrahmastra bomb blast took place sunday three church colombo srilanka explosion also reported shangrila hotel cinnamon grand amp kingsbury hotel people affected terrorattack churcattack easter,Fake,Fake
100,1122130526406680576,srilanka navy soldier work clean st anthony shrine colombo today following series terror bomb blast targeting church luxury hotel easter sunday sri lanka afp photo lka,Fake,Fake
101,1122129887760977921,srilanka soldier stand guard street colombo today afp photo lka easter,Fake,Fake
102,1122125273623928834,srilankatweet suicide bomber mohamed zaharans driver arrested kattankuddy police handed cid lka srilanka easter,Fake,Fake
103,1122096524370952192,rt yourgksms world immunization week observed last week april th th theme wiw protected together vaccine work country temporarily banned drone unmanned aircraft easter bombing srilanka,Fake,Fake
104,1122063460215422977,minister mangala mangalalk promise srilanka bounce back easter terror attack lka tourism,Fake,Fake
105,1122062185461624832,srilanka easter terror bombing die blast raid suspected hideout lka security,Fake,Fake
106,1122043375924809728,rt bornwin world immunization week observed last week april th th theme wiw protected together vaccine work country temporarily banned drone unmanned aircraft easter bombing srilanka saturdaymotivation,Fake,Fake
107,1122032361527545856,black sheep mastermind srilankas easter sunday bomb lka,Fake,Fake
108,1121969376406720514,rt jsauvefs tonight time moment reflection mass memorial service organized slintoronto pay tribute victim tragic incident took place easter sunday srilanka srilankaattacks srilankabombings canhcsrilanka,Fake,Fake
109,1121902260202745857,srilanka easter terror bombing pm wickremesinghe rwunp say loop lka,Fake,Fake
110,1121855805458923520,soldier walk front st anthony shrine colombo today following series terror bomb blast targeting church luxury hotel easter sunday srilanka afp photo,Fake,Fake
111,1121810481482567680,rt vipulananda guarded soldier defiant srilanka muslim pray peace lka easter,Fake,Fake
112,1121804940177838080,rt vipulananda guarded soldier defiant srilanka muslim pray peace lka easter,Fake,Fake
113,1121797611386621954,guarded soldier defiant srilanka muslim pray peace lka easter,Fake,Fake
114,1121789006591619075,srilanka easter terror attack signal isi widening reach lka,Fake,Fake
115,1121768894690152448,easter terror attack probe srilanka president maithripalas today blamed pm rwunp govt weakening intelligence system focusing prosecution military officer alleged warcrimes civil war tamil separatist ended reuters,Fake,Fake
116,1121765799490928641,rt vipulananda srilanka fear tourism industry could see arrival drop loss billion year deadly easter terror attack finance minister mangala samaraweera said today said lanka could take year fully recover attack afp,Fake,Fake
117,1121762678287024128,srilanka fear tourism industry could see arrival drop loss billion year deadly easter terror attack finance minister mangala samaraweera said today said lanka could take year fully recover attack afp,Fake,Fake
118,1121743042145288193,people gather outside st mary cathedral sydney today candlelight vigil victim easter sunday terror attack srilanka afp photo lka australia,Fake,Fake
119,1121740030056251393,srilanka easter terror attack pm rwunp say evidence yet suggest particular country backed terrorist lka,Fake,Fake
120,1121675975081676801,lankans one get srilanka easter eastersundayattackslk,Fake,Fake
121,1121671486907924480,srilanka easter terror attack den mastermind lka,Fake,Fake
122,1121670451053248513,six arrested kilinochchi northern province srilanka easter terror attack lka,Fake,Fake
123,1121663542464106496,srilanka easter terror attack counterterrorism expert comment link lanka suicide bomber lka,Fake,Fake
124,1121655101788045313,rt vipulananda bundeljayse secular srilanka would uphold meritocracy certainly prevent foreign interferenceintervention lka easter,Fake,Fake
125,1121638085517692928,rt munza muditha first everyone looked u terrorist look u terrorist also drug lord thanks maithripalas thanks much muslim needed lka srilanka easterattacklk eastersundayattackssl easter,Fake,Fake
126,1121637417780297729,muditha first everyone looked u terrorist look u terrorist also drug lord thanks maithripalas thanks much muslim needed lka srilanka easterattacklk eastersundayattackssl easter,Fake,Fake
127,1121619826839965697,rt ismailshaheed president maithripalas much ego easterattacklk easterattack easterattacksl easter eastersundayattacklk ntj srilanka lka,Fake,Fake
128,1121580185399087106,rt vipulananda picture taken today show dubai burjkhalifa world tallest skyscraper lit image srilankas national flag solidarity country following easter terrorist attack hotel amp church killed people afp photo lka,Fake,Fake
129,1121513900879466496,rt vipulananda picture taken today show dubai burjkhalifa world tallest skyscraper lit image srilankas national flag solidarity country following easter terrorist attack hotel amp church killed people afp photo lka,Fake,Fake
130,1121500562657357830,dubaibased indian expat juno srivastava gm colleague lorraine campbell killed easter terror attack cinnamongrand hotel colombo srilanka lka uae breakfast terrorism tourism travel,Fake,Fake
131,1121489870927667201,rt milindarj ම ද නවල සත ට න සහ ස හ ල ල ව න ස ට න බව ප න න අගම ත ත ම ජ ත යන තරයට පවසන න isi ප හ ණ ව ල බ ශ ර ල ක කයන ආපස ආබව ද න ස ට යත න ත ය න ප ටරට ත රස තව ද ස ව ධ න වලට සම බන ධ ව වන අත අඩ ග වට ගත න හ ක න ස ක ස වක න කල බවය ල කය න ත ගර කම අගම ත ත ම srilanka easter,Fake,Fake
132,1121479697597026304,rt milindarj ම ද නවල සත ට න සහ ස හ ල ල ව න ස ට න බව ප න න අගම ත ත ම ජ ත යන තරයට පවසන න isi ප හ ණ ව ල බ ශ ර ල ක කයන ආපස ආබව ද න ස ට යත න ත ය න ප ටරට ත රස තව ද ස ව ධ න වලට සම බන ධ ව වන අත අඩ ග වට ගත න හ ක න ස ක ස වක න කල බවය ල කය න ත ගර කම අගම ත ත ම srilanka easter,Fake,Fake
133,1121467240375734273,rt vipulananda picture taken today show dubai burjkhalifa world tallest skyscraper lit image srilankas national flag solidarity country following easter terrorist attack hotel amp church killed people afp photo lka,Fake,Fake
134,1121466327166644224,rt vipulananda picture taken today show dubai burjkhalifa world tallest skyscraper lit image srilankas national flag solidarity country following easter terrorist attack hotel amp church killed people afp photo lka,Fake,Fake
135,1121465958890033152,rt milindarj ම ද නවල සත ට න සහ ස හ ල ල ව න ස ට න බව ප න න අගම ත ත ම ජ ත යන තරයට පවසන න isi ප හ ණ ව ල බ ශ ර ල ක කයන ආපස ආබව ද න ස ට යත න ත ය න ප ටරට ත රස තව ද ස ව ධ න වලට සම බන ධ ව වන අත අඩ ග වට ගත න හ ක න ස ක ස වක න කල බවය ල කය න ත ගර කම අගම ත ත ම srilanka easter,Fake,Fake
136,1121462461276852224,ම ද නවල සත ට න සහ ස හ ල ල ව න ස ට න බව ප න න අගම ත ත ම ජ ත යන තරයට පවසන න isi ප හ ණ ව ල බ ශ ර ල ක කයන ආපස ආබව ද න ස ට යත න ත ය න ප ටරට ත රස තව ද ස ව ධ න වලට සම බන ධ ව වන අත අඩ ග වට ගත න හ ක න ස ක ස වක න කල බවය ල කය න ත ගර කම අගම ත ත ම srilanka easter,Fake,Fake
137,1121450485645479936,rt vipulananda picture taken today show dubai burjkhalifa world tallest skyscraper lit image srilankas national flag solidarity country following easter terrorist attack hotel amp church killed people afp photo lka,Fake,Fake
138,1121449576257421313,rt vipulananda picture taken today show dubai burjkhalifa world tallest skyscraper lit image srilankas national flag solidarity country following easter terrorist attack hotel amp church killed people afp photo lka,Fake,Fake
139,1121448285791772672,picture taken today show dubai burjkhalifa world tallest skyscraper lit image srilankas national flag solidarity country following easter terrorist attack hotel amp church killed people afp photo lka,Fake,Fake
140,1121438112645898240,tribute real guardian angel blessing save mother country wewillrise togetherwerise prayforsrilanka staystrongsrilanka therealheroes protectsrilanka easter srilanka easterattacksl,Fake,Fake
141,1121426369492209664,sri lankan survivor easter sunday church blast anusha kumari l bandage face point finger grave yard mass burial two child husband negombo sri lanka tharaka srilanka easter eastersundayattackslk,Fake,Fake
142,1121400650615664640,innocent face britisheducated boy turned srilanka bomber terrorism easter lka uk tourism,Fake,Fake
143,1121400130484211712,srilanka easter terror bombing sister ringleader deplores easterattack lka,Fake,Fake
144,1121397711885017088,soldier stand guard outside st anthony shrine colombo today following series bomb blast targeting church luxury hotel easter sunday srilanka catholic church ordered suspend service security improves afp photo lka,Fake,Fake
145,1121395777031548928,man mourns today funeral teenager dhami brindya victim string suicide terror attack church luxury hotel easter sunday srilanka reuters photo lka,Fake,Fake
146,1121393261061402624,police curfew come effect pm today tomorrow srilanka easter attack terrorattack,Fake,Fake
147,1121369175929184259,rt vipulananda tourist hotel fear b revenue loss easter terror attack srilanka lka,Fake,Fake
148,1121368863784914944,rt vipulananda tourist hotel fear b revenue loss easter terror attack srilanka lka,Fake,Fake
149,1121316673259175937,woman among welltodo young bomber behind srilanka easter carnage lka terrorism,Fake,Fake
150,1121311754624147456,srilanka easter terror attack foreign medium advised biased unverified report lka journalism ethic,Fake,Fake
151,1121306997406732288,tourist hotel fear b revenue loss easter terror attack srilanka lka,Fake,Fake
152,1121306604962504704,srilanka easter terror attack mastermind radical preacher police radar,Fake,Fake
153,1121305580256280577,egypt envoy condemns srilanka easter terror blast lka,Fake,Fake
154,1121305235643879424,two daesh men linked srilanka easter terror blast lka,Fake,Fake
155,1121248663534051328,rt vipulananda srilanka hotel executive lost colleague easter breakfast terror blast cinnamon grand lka,Fake,Fake
156,1121237353299755008,rt vipulananda srilanka hotel executive lost colleague easter breakfast terror blast cinnamon grand lka,Fake,Fake
157,1121233115710509056,army launched massive islandwide search operation search member extremist terrorist group involved eastersundayattackslk thousand army soldier engaged mobile patrol static duty vehicle check amp search army lka srilanka easter,Fake,Fake
158,1121189259023540225,rt irishprolifer picture husband amp wife amp daughter receiving st communion one sri lankan christian church bombed among death caused yesterday act terror amp depravity srilanka easter,Fake,Fake
159,1121141459804094469,remains srilanka easter terror attack victim reach residence telangana lka terrorism,Fake,Fake
160,1121140167283224578,india intelligence srilanka terror attack terrorist name address target easter lka,Fake,Fake
161,1121104684763222016,fear consumes srilanka easter blast survivor scene hell lka terrorism,Fake,Fake
162,1121104105966059520,picture emerges welltodo young bomber behind srilanka easter carnage lka terrorism,Fake,Fake
163,1121097590609674246,bollywood star condemns srilanka easter massacre lka,Fake,Fake
164,1121096009537466368,srilanka easter terror attack survivor call return strongman lka,Fake,Fake
165,1121095217761935367,terrorist behind attack cannot considered muslim say srilanka minister faiszer lka easter,Fake,Fake
166,1121085696024956928,blood brother wealthy family behind srilankas easter terror attack lka,Fake,Fake
167,1121070034221195265,srilanka easter terror attack bomber studied uk australia lka,Fake,Fake
168,1121014703541456896,rt vipulananda saudi airline chief pay tribute cabin crew killed srilanka easter terror bombing lka aviation tourism,Fake,Fake
169,1121005830550315011,zahran hashim radical linked srilanka easter terror blast via lka,Fake,Fake
170,1120970465483247616,rt iraqschristians heartbreaking photo youngest victim srilanka terror attack easter sunday christian worshipper child taken first communion earlier month rest peace antichristianism,Fake,Fake
171,1120934204580085760,rt vipulananda saudi airline chief pay tribute cabin crew killed srilanka easter terror bombing lka aviation tourism,Fake,Fake
172,1120896260381270016,deeply saddened shocked terrorist attack church hotel srilanka thought go loved one victim pray speedy recovery injured eastersundayattackssl eastersundayattacks easter sunday attack lka,Fake,Fake
173,1120880480247799809,constitutional implication easter terror attack srilanka lka,Fake,Fake
174,1120857684440272896,people arrested police amp stf aluthgamaberuwalakatana warakapola suspicious motorbike amp walkie talkie also found police spokesman srilankaterrorattacks srilanka easterattacklk easter isi islamstate colombo,Fake,Fake
175,1120844288567517189,srilanka envoy saudi arabia vow stand firm terrorism lka colombo easterattackssl easter,Fake,Fake
176,1120812807249854466,srilanka easter terror attack victim lka,Fake,Fake
177,1120749309014753281,srilanka stock index post worst fall year easter attack lka rupee economy,Fake,Fake
178,1120738321678905346,rt michaeldickson islamic state publicize photo pathetic medieval regressive animal carried easter srilanka attack may rot hell eternity,Fake,Fake
179,1120727221721677824,rt vipulananda saudi airline chief pay tribute cabin crew killed srilanka easter terror bombing lka aviation tourism,Fake,Fake
180,1120724940188053505,rt rebeccarambar srilanka lei revendique le attentats de paques le assaillants qui visaient de citoyens de membres de la coalition antiisis amp de chrétiens hier étaient de combattants de létat islamique amaq daesh easter paques colombo srilankaattacks srilankablasts,Fake,Fake
181,1120723507434807297,rt vipulananda saudi airline chief pay tribute cabin crew killed srilanka easter terror bombing lka aviation tourism,Fake,Fake
182,1120721411734110208,india cricket star anil kumble srilanka vacation hit easter hotel blast lka easterattacksl,Fake,Fake
183,1120718966261817344,rt iraqschristians heartbreaking photo youngest victim srilanka terror attack easter sunday christian worshipper child taken first communion earlier month rest peace antichristianism,Fake,Fake
184,1120708807305433089,rt michaeldickson islamic state publicize photo pathetic medieval regressive animal carried easter srilanka attack may rot hell eternity,Fake,Fake
185,1120708170337411072,srilanka pm decries attempt politicize easter terror attack highlight international support lka govt fight terrorism,Fake,Fake
186,1120707558606397442,srilanka westernprovince nest egg nature easter hay straw food foodporn foodie foodpicoftheday foodpic foodgasm instafood yummie decoration bird birth celebration,Fake,Fake
187,1120706276676313088,srilanka easter terror attack ban socialmedia lka digital medium,Fake,Fake
188,1120705712269791233,rt michaeldickson islamic state publicize photo pathetic medieval regressive animal carried easter srilanka attack may rot hell eternity,Fake,Fake
189,1120704278618890241,srilanka state minister defense demand ban extremist group wake easter terror bombing killed nearly church luxury hotel lka,Fake,Fake
190,1120703442975109122,srilanka batticaloa church priest speaks bbc easter terror bombing horror lka,Fake,Fake
191,1120700057123196928,rt vipulananda addressing special session parliament discus easter terror bombing srilanka pm stress muslim people extremist lka,Fake,Fake
192,1120698593424416770,addressing special session parliament discus easter terror bombing srilanka pm stress muslim people extremist lka,Fake,Fake
193,1120697177318264837,saudi airline chief pay tribute cabin crew killed srilanka easter terror bombing lka aviation tourism,Fake,Fake
194,1120696256173682690,saudia bos issue tribute cabin crew killed srilanka easter terror bombing colombo luxury hotel saudi travel tourism,Fake,Fake
195,1120691768964419585,praying renewing peace let light candle memorizing people lost life devastating incident happened srilanka easter prayforsrilanka eastersundayattacklk srilankaattacks srilankaterrorattacks srilankaattacks,Fake,Fake
196,1120671716706009093,rt newsradiolk unicefsrilanka express shock amp sadness violence directed family including child easter sunday unicef said aware present death child sri lankan amp nationality several injured srilanka lka,Fake,Fake
197,1120669636540891137,unicefsrilanka express shock amp sadness violence directed family including child easter sunday unicef said aware present death child sri lankan amp nationality several injured srilanka lka,Fake,Fake
198,1120667135917707264,rt iraqschristians heartbreaking photo youngest victim srilanka terror attack easter sunday christian worshipper child taken first communion earlier month rest peace antichristianism,Fake,Fake
199,1120667076085993472,rt judeoff ச ன ற வ ர ங கள இன ன ர ப றப ப ர ந த ல இன மத ப தமற ற அரச யல ப ய களற ற த சத த ல ப றந த வ ட ங கள batticaloa zion church death child srilankaattacks srilanka srilankablasts eastersundayattackslk easter vijayfanstrends sunnewstamil bbctamil cnnbrk,Fake,Fake
200,1120666033038118913,rt judeoff ச ன ற வ ர ங கள இன ன ர ப றப ப ர ந த ல இன மத ப தமற ற அரச யல ப ய களற ற த சத த ல ப றந த வ ட ங கள batticaloa zion church death child srilankaattacks srilanka srilankablasts eastersundayattackslk easter vijayfanstrends sunnewstamil bbctamil cnnbrk,Fake,Fake
201,1120652563920060416,rt iraqschristians heartbreaking photo youngest victim srilanka terror attack easter sunday christian worshipper child taken first communion earlier month rest peace antichristianism,Fake,Fake
202,1120650923779530757,daesh claim responsibility srilanka easter terror attack lka,Fake,Fake
203,1120635461683286017,rt iraqschristians heartbreaking photo youngest victim srilanka terror attack easter sunday christian worshipper child taken first communion earlier month rest peace antichristianism,Fake,Fake
204,1120628688314408961,fernandoharin selfish useless politico like sent home next election srilanka never ever forget selfish man eastersundayattackslk easterattacklk easterattacksl easter srilankaattacks srilankablasts,Fake,Fake
205,1120622594447769601,rt iraqschristians heartbreaking photo youngest victim srilanka terror attack easter sunday christian worshipper child taken first communion earlier month rest peace antichristianism,Fake,Fake
206,1120622200141303808,srilanka motorist urged paste contact name windscreen police lka easter terrorism easterattacksl,Fake,Fake
207,1120610639846752256,rt iraqschristians heartbreaking photo youngest victim srilanka terror attack easter sunday christian worshipper child taken first communion earlier month rest peace antichristianism,Fake,Fake
208,1120609266233225216,rt iraqschristians heartbreaking photo youngest victim srilanka terror attack easter sunday christian worshipper child taken first communion earlier month rest peace antichristianism,Fake,Fake
209,1120606102696136704,warwinning former srilanka president presrajapaksa addressing parliament today warns blaming religion community easter terror attack lka,Fake,Fake
210,1120601102855098368,srilanka state minister defense ruwan w tell parliament special session today investigating claim easter terror bombing response newzealand shooting lka,Fake,Fake
211,1120600671017996288,rt iraqschristians heartbreaking photo youngest victim srilanka terror attack easter sunday christian worshipper child taken first communion earlier month rest peace antichristianism,Fake,Fake
212,1120599133172031489,rt iraqschristians heartbreaking photo youngest victim srilanka terror attack easter sunday christian worshipper child taken first communion earlier month rest peace antichristianism,Fake,Fake
213,1120594764552912896,rt iraqschristians heartbreaking photo youngest victim srilanka terror attack easter sunday christian worshipper child taken first communion earlier month rest peace antichristianism,Fake,Fake
214,1120585553869717505,rt kirronkherbjp picture easter prayer sector church wish hadnt lost innocent soul srilanka praying family,Fake,Fake
215,1120584226619953152,srilanka easter terror bombing death toll india citizen rise lka,Fake,Fake
216,1120569400808091648,bundeljayse harshadesilvamp deserves chance share thought srilanka citizen need act unity tackle crisis easter massacre lka,Fake,Fake
217,1120564450094919680,rt royvc person arrested far questioned cid several investigation underway arrest people connected local islamic extremist group national thawheed jamath senior police officer srilankaterrorattacks srilanka srilankablast easter bombing,Fake,Fake
218,1120563320006828038,person arrested far questioned cid several investigation underway arrest people connected local islamic extremist group national thawheed jamath senior police officer srilankaterrorattacks srilanka srilankablast easter bombing,Fake,Fake
219,1120563227950223360,mass funeral begin srilanka mourns easter terror attack victim lka,Fake,Fake
220,1120562225939349504,srilankas easter bomb carnage cast pall tourism revival lka,Fake,Fake
221,1120558171829997569,rt iraqschristians heartbreaking photo youngest victim srilanka terror attack easter sunday christian worshipper child taken first communion earlier month rest peace antichristianism,Fake,Fake
222,1120558101315321857,warwinning former srilanka president mahinda presrajapaksa fault govt security lapse easter terror attack lament loophole national security lka colombo terrorism,Fake,Fake
223,1120556691391688706,uk mourns srilanka easter massacre victim lka,Fake,Fake
224,1120551020025794563,prayforsrilanka srilanka cricket star appeal national unity wake easter massacre lka,Fake,Fake
225,1120549934292402176,minute silence today morning srilanka remembering easter sunday attack victim national day mourning,Fake,Fake
226,1120539735624228864,rt jaysekulow church bombing srilanka easter sunday reminiscent genocidal attack christian experienced iraq amp syria sacred place sacred date target islamic radical stand horrific christian genocide,Fake,Fake
227,1120537519572049920,rt iraqschristians heartbreaking photo youngest victim srilanka terror attack easter sunday christian worshipper child taken first communion earlier month rest peace antichristianism,Fake,Fake
228,1120530506955751425,srilanka easter terror attack national thowheed jamath,Fake,Fake
229,1120530290953289733,srilanka easter attack british dad tribute amazing family lka uk tourism,Fake,Fake
230,1120527335038554119,rt jaysekulow today remember injured amp lost life deadly easter church bombing srilanka join u pray victim amp family,Fake,Fake
231,1120391842019856384,erandaginige rajivaw srilanka citizen rise ethnic bias overcome crisis arising easter blast united stand divided fall national harmony vital achieve peace prosperity people lka,Fake,Fake
232,1120373345193738240,srilankas top diplomat britain say authority know british national killed easter bombing among lawyer anita nicholson son alex nicholson daughter annabel nicholson husband confirmed ap lka,Fake,Fake
233,1120369085911584771,saudi pilot missing following srilanka easter bombing lka travel aviation,Fake,Fake
234,1120360522870870017,srilanka easter bombing yesterday killed child asos owner denmark richest man anders holch povlsen announces lka,Fake,Fake
235,1120358236186660864,rt mehreenzahra srilanka bombing killed three child asos owner denmark richest man anders holch povlsen announces povlsens four child visiting country easter holiday billionaire also scotland biggest private landowner,Fake,Fake
236,1120353047786344448,rt mehreenzahra srilanka bombing killed three child asos owner denmark richest man anders holch povlsen announces povlsens four child visiting country easter holiday billionaire also scotland biggest private landowner,Fake,Fake
237,1120336662096007174,rt ericswalwell pray srilanka people mourn terrorist attack easter parishioner faith ever enemy anywhere world,Fake,Fake
238,1120336569590697984,rt iprobono series deadly bombing razed several luxury hotel church srilanka easter morning yesterday killing amp injuring people stand sri lanka hour need srilankaattacks srilankabombings,Fake,Fake
239,1120327002341433346,rt mehreenzahra srilanka bombing killed three child asos owner denmark richest man anders holch povlsen announces povlsens four child visiting country easter holiday billionaire also scotland biggest private landowner,Fake,Fake
240,1120321901577035776,rt honeybadgerrulz full video special task force trying defuse bomb exploded policestf say controlled explosion near anthony church srilanka easterattacksl bombing eastersundayattackslk terrorattacks colombo explosion easter,Fake,Fake
241,1120320401979133953,rt economictimes easter blast carried local islamist group sri lankan official srilanka colombo,Fake,Fake
242,1120316713474695169,rt bunsenbernerbmd sad hear death sri lanka heart go familiesthat may longer family today hug family hug pet laugh continue life joy joy beat terror sadness always always easter srilanka peace,Fake,Fake
243,1120308132402671617,rt honeybadgerrulz full video special task force trying defuse bomb exploded policestf say controlled explosion near anthony church srilanka easterattacksl bombing eastersundayattackslk terrorattacks colombo explosion easter,Fake,Fake
244,1120299326914342918,rt honeybadgerrulz full video special task force trying defuse bomb exploded policestf say controlled explosion near anthony church srilanka easterattacksl bombing eastersundayattackslk terrorattacks colombo explosion easter,Fake,Fake
245,1120297524563193856,full video special task force trying defuse bomb exploded policestf say controlled explosion near anthony church srilanka easterattacksl bombing eastersundayattackslk terrorattacks colombo explosion easter,Fake,Fake
246,1120267773987495936,srilanka authority ordered state emergency introduced midnight today following deadly easter terror attack president office said afp lka law,Fake,Fake
247,1120266655836327937,rt vipulananda abudhabi crown prince condemns easter violence srilanka lka uae,Fake,Fake
248,1120264551017132032,munza srilanka citizen must shore unity time crisis achieve common aim peace prosperity people lka tourism eastersundayattackslk easter,Fake,Fake
249,1120264450123206656,rt vipulananda charith rauffhakeem better presrajapaksa rwunp discussed forming national government srilanka parliament meet tomorrow tackle crisis wake easter bombing lka,Fake,Fake
250,1120260397687242752,charith rauffhakeem better presrajapaksa rwunp discussed forming national government srilanka parliament meet tomorrow tackle crisis wake easter bombing lka,Fake,Fake
251,1120253955538395136,billionaire asos tycoon scotland biggest landowner loses child srilanka easter terrorattacks killed,Fake,Fake
252,1120250084216541184,rt shamstahir gun kill terrorist education kill terrorism may different religion different language different colored skin belong one human race thus fight terrorism together peace srilankaattacks srilanka easter,Fake,Fake
253,1120248996679880704,srilanka muslim congress leader call introspection rap colossal intelligence failure easter bombing church hotel lka terrorism,Fake,Fake
254,1120248260541734913,demand grows officialunp mp sacking srilanka police chief yesterday terror attack church colombo luxury hotel easter lka terrorism tourism extremism,Fake,Fake
255,1120242849361092608,top srilanka minister demand police chief quit wake yesterday easter bombing colombo negombo batticaloa lka terrorism,Fake,Fake
256,1120233002603286528,please donate tragic easter attack srilanka easterdaybombings easterdayattacks prayforsrilanka,Fake,Fake
257,1120218025813258240,un official speaks intractable nature srilanka ethnic conflict lka terrorism easter,Fake,Fake
258,1120217172859551744,four indian among srilanka easter blast victim lka kerala terrorism tourism,Fake,Fake
259,1120210934746812416,srilanka colombo easter terror blast narrow escape uae sri lankan expat khaleej time,Fake,Fake
260,1120210577304051712,dubai expat dy yesterday srilanka easter blast top hotel family shattered tourism terrorism lka kerala,Fake,Fake
261,1120204597962973185,welikalaa srilanka medium act high ethical standard covering development yesterday easter carnage lka terrorism journalism,Fake,Fake
262,1120203691192193025,charith mangalalk presrajapaksa politician independent journalist act great responsibility tackling srilanka crisis easter bombing lka journalism terrorism,Fake,Fake
263,1120203141910335488,kelums vge medium big responsibility covering crisis wake easter carnage srilanka terrorism tourism lka journalism,Fake,Fake
264,1120200815082377217,dubai ruler condemns easter bombing srilanka lka terrorism,Fake,Fake
265,1120200243235184640,abudhabi crown prince condemns easter violence srilanka lka uae,Fake,Fake
266,1120155368875810816,curfew public transport seems getting restored hour srilanka easter terror attack,Fake,Fake
267,1120081564413714432,breaking இலங க ய ல ஈஸ டர ந ள ல ச கம அட த தட த த இடங கள ல க ண ட வ ட ப ப பலர பல sundaymass easter srilanka srilankablast serialblast church bombblast,Fake,Fake
268,1120058348353859587,tragedy tragedy life srilanka jewel easter sunday recover battlewounds poem poetry poetsofig poetsofinstagram word writersofinstagram,Fake,Fake
269,1120029834351083520,cctv footage person suspected suicide suicide bomb negombo kaṭuvapiṭiyachurch srilanka easter prayforsrilanka srilankablasts srilankabomblast lka,Fake,Fake
270,1119973093001310210,egypt alazhar condemned terrorist attack srilanka hotel church celebrating easter killed people cannot imagine human could target peaceful celebration day said sheikh ahmed altayeb afp lka,Fake,Fake
271,1119969022605504512,pontifex dear papa francis pontifex please pray people srilanka happy easter amp god bless,Fake,Fake
272,1119959550939918337,manyvthanks achyutluitel practicalaction collegues thought amp kind word darkest easter srilanka hope thing back normalcy soon srilankaattacks,Fake,Fake
273,1119950229867040774,heart today people srilanka worshipper tourist killed terrorist attack easter travelmemories pinnawala elephant orphanage,Fake,Fake
274,1119945401128427520,christ arose death easter day like today please remember follower jesus srilanka killed faith amen eastersundayattackslk lka,Fake,Fake
275,1119944575685148672,easter srilanka prayforsrilanka jesus sad kochchikadebomb,Fake,Fake
276,1119943348679213056,never said almost decade ago reality today morning black sunday attack shouldnt ever happened anywhere unite peacefully sri lankans say never stronger one srilanka easter unity blacksunday,Fake,Fake
277,1119928100803022849,one chinese national killed attack srilanka church hotel easter day today chinese state newspaper people daily said earlier state news agency xinhua said four chinese national injured stable condition hospital reuters,Fake,Fake
278,1119922110959378432,condolence pour terror bombing hit srilanka church fivestar colombo hotel terrorism easter lka,Fake,Fake
279,1119919803928645632,srilanka cricket star sangakkara shocked easter terror attack church top colombo hotel lka,Fake,Fake
280,1119919187827265537,number really doesnt matter even one tragic bloodshedding moment know much go pray srilanka bad easter,Fake,Fake
281,1119918650746724352,bollywood star saddened easter day terror attack church hotel srilanka lka,Fake,Fake
282,1119916646741762051,army soldier secure area around st anthony shrine today easter day blast colombo srilanka ap,Fake,Fake
283,1119914049377112070,easter day never meant look like condemn terrorism everyone able pray peace tragedy peacenothate prayer easter srilanka colombo,Fake,Fake
284,1119910464622927873,three police officer killed dematagoda colombo explosion lka srilanka easter bombing easterattacksl bombing srilankaexplosions,Fake,Fake
285,1119906578008768512,one policeman killed th bombing dematagodacolombo srilanka easter bombing srilankaterrorattack easterattacksl colombo,Fake,Fake
286,1119904210575941632,colombo mp call unity deadly bombing srilanka hotel church easter day lka terrorism tourism,Fake,Fake
287,1119901328107548672,srilankaterrorattack revealed zahran hashim suicide bomber behind attack shangri la hotel according top intel source hashim wanted attack indian high commission colombo april srilanka easter eastersundayattacks easterattacksl colombo,Fake,Fake
288,1119900536545980416,least blast carried suicide bomber suicide bomber behind attact shangri la hotel batticaloa church suicide bomber identified zahran hashim abu mohammed srilankaterrorattack easter srilanka easterattacksl bombing,Fake,Fake
289,1119897661602181120,bombing suicide footage church today morning recorded dash cam easter eastersundayattackslka srilanka bombing easterattacksl,Fake,Fake
290,1119895255787216897,church bomb blasting footage recorded dash cam srilanka easterattacksl easter bombing,Fake,Fake
291,1119892816333877248,social medium blocked prayforsrilanka easterattacksl srilanka easter,Fake,Fake
292,1119889188613230592,srilanka muslim congress leader condemns terror bombing easter day church hotel,Fake,Fake
293,1119876081400647680,easter day terror bomb kill attack srilanka church hotel lka terrorism,Fake,Fake
294,1119875653963341824,wish everyone blessed easter resurrection sunday light happening hope everyone keep easter message forgiveness hope forefront thought responding reacting srilanka easter,Fake,Fake
295,1119873579619893248,india premier condemns easter bombing srilanka lka terrorism,Fake,Fake
296,1119873182238900226,pakistan prime minister condemns easter violence srilanka lka,Fake,Fake
297,1119869726459662336,killed injured explosion hit srilanka church top hotel easter sunday lka terrorism colombo,Fake,Fake
298,1119863801694674945,easter mass scheduled evening cancelled archbishop house srilanka lka eastersundayattackslk,Fake,Fake
299,1119863257282568192,malcolm ranjith asked cancel mass easter festival around sri lanka lka srilanka easter breaking,Fake,Fake
300,1119859792330276864,celebrate resurrection jesus christ terrible atrocity committed beautiful nation time must embrace message easter forgive protect nation people prayforsrilanka easter christisrisen srilanka,Fake,Fake
301,1119859004140937216,srilanka lk lkblast easter,Fake,Fake
302,1119858549054533635,serendib root wishing bright shining easter filled family friend easter happyeaster eastereggs easterbunny resurrection sundaymass stanthonys stayblessed peace harmony srilanka serendibroots,Fake,Fake
303,1119857812694282241,coordinated attack church easter brunch today people injured dead devastating day blessed easter everyone please safe news source adaderana srilanka churchattacks easterbombs easter church bomb attack brunch,Fake,Fake
304,1119845646322819072,letter circulated social medium sent police th april deputy inspector generalpolice colombo srilanka easter bombing,Fake,Fake
305,1119843479780241409,update new bomb ben remove kochchikade church easter bombing srilanka,Fake,Fake
306,1119843397618081792,stay safe sri lanka people wise remain home make time show sympathy love care towards regardless religion race ethnicity jesus came u srilanka bombblast church easter,Fake,Fake
307,1119841678163107841,image bombing batticaloa church dead injured srilanka easter,Fake,Fake
308,1119840607957082113,update dead srilanka easter bombing,Fake,Fake
309,1119837191826493440,important day like christian easter type person would think something like inside church srilanka let u wise coming conclusion could many hand behind,Fake,Fake
310,1119836520683397120,next hour srilanka easter bomb blast,Fake,Fake
311,1119833592031588353,source coming bomb planted across country everyone please stay home look loved one lka srilanka eastersunday lka easterday eastersundayattackslk easter christian colombo share message,Fake,Fake
312,1119832002662846464,srilanka merry easter planning tweet shocking dejavu thirty year war ended lka,Fake,Fake
313,1119827631233355777,explosion reported around srilanka colombo targeting easter sunday st anthony church kochchikade cinnamon grand hotel shangrila hotel katuwapitiya church negambo kingsbury hotel zion church batticaloa nearly injured dead,Fake,Fake
314,1119826960681701377,extremely saddening hear attack morning testing time extra vigilant cautious share spread stay safe loved one best right srilanka lka easter,Fake,Fake
315,1119826669655810048,celebrate easter joy love peace warm wish colombo city hotel happyeaster colombocityhotel srilanka easter easter photography easterweekend easterbunny instagood nomnom instalike easterdecor ostern etsy homedecor design,Fake,Fake
316,1119826489091010561,easter blast srilanka,Fake,Fake
317,1119811687769444352,here wishing family friend happy easter easter dreadlock rasta mariesz singer musician srilanka colombo nightlife entertainment diva souldiva,Fake,Fake
318,1119811434756673536,here wishing family friend happy easter easter dreadlock rasta mariesz singer musician srilanka colombo nightlife entertainment diva souldiva,Fake,Fake
319,1119811161405448192,eggcellent easter everyone embark easter streetdogs loveastreetpooch srilanka,Fake,Fake
320,1119810080554344448,blast near kochchikade church casualty reported lka srilanka breaking easter,Fake,Fake
321,1119809906729717761,blessed easter easter prishan prishanpandithagestudios srilanka colombo,Fake,Fake
322,1119792187993206784,wish christian srilanka around world happy peaceful easter eastersunday happyeaster easter lka,Fake,Fake
