,screen_name,User_Id,Name,followers_count,friends_count,created_at,statuses_count,listed_count,location,verified,User_Bio
0,ChandaniKirinde,1951067186,Chandani Kirinde ğŸ‡±ğŸ‡°,11129,1396,2013-10-10 06:53:14,50075,152,"Colombo,Sri Lanka",False,Journalist. Views my own. https://t.co/ivWnn71wIn
1,vipulananda,9909452,Vipulananda ğŸ‡±ğŸ‡°,3049,5000,2007-11-03 07:37:38,124348,352,"Colombo, Sri Lanka",False,à®µà®¿à®ªà¯à®²à®¾à®©à®¨à¯à®¤à®¾ à·€à·’à¶´à·”à¶½à·Š | Journalist | Editor | Activist | GCC Media Personnel | https://t.co/CUsSmHLmJc
2,AsiriFernandoLK,957681564284006401,Asiri Fernando,1205,2122,2018-01-28 18:27:32,17728,23,Sri Lanka,False,Journalist | News Editor | ğŸ‡±ğŸ‡° | Interested in; GeoPol | MarSec | Crime | CT/CVE | Arms & Aviation| Views are personal | RT â‰  approval | @StateIVLP alum
3,lankanenews,1100241609721958400,Lankanenews,597,1785,2019-02-26 03:50:16,3123,0,Sri Lanka,False,à·ƒà¶­à·Šâ€à¶º à·€à·…à¶½à¶±à·Šà¶±à¶§ à¶´à·™à¶»
4,WasithaKeminda,1869917396,Wasitha Pinnawala,337,547,2013-09-16 02:07:12,80,0,Pinnawala,False,
5,MarcMartinn,4611985095,MarcMartÃ­n,56,156,2015-12-26 15:30:38,1832,0,Sri Lanka,False,
6,LankanOrg,122884856,Lankanorg News,140,573,2010-03-14 06:54:48,6431,0,Sri Lanka,False,#SriLanka and worldwide #News in English Sport news weather report politics entertainment #lka #slnews #newslk
7,Neetwit,40320649,neetwit,2932,2866,2009-05-15 20:06:00,191835,0,Colombo,False,against deception of public with fabricated lies n' #sriLanka politics. Abhor à¶†à¶´à·Šà¶´-betrayal for power #SLpolitics
8,Francanstyle,301807277,Francanstyle,81,348,2011-05-20 03:02:43,1611,1,Sri Lanka,False,Nothing did I bring...none will be taken...
9,vikalpavoices,114960150,Vikalpa,16093,151,2010-02-17 04:34:35,35429,143,"Colombo, Srilanka",True,"Citizen Journalism website in Sinhala, from SriLanka. Established in 2007. Curated by @sampathslk  | #Humanrights #Democracy #Governance #Peace"
10,PBastiansz,2913277513,Prasad Bastiansz,210,249,2014-11-29 03:07:50,40198,46,Colombo Sri Lanka,False,RTs' are not endorsements
11,Yawathashi,923548154884128768,Tarutani ğŸ‡±ğŸ‡° à¶­à¶¸à· à·„à·œà¶³à¶§à¶¸ à¶šà¶½à·š ğŸŒ©ï¸,815,685,2017-10-26 13:53:33,15107,19,Sri Lanka,False,"Proud Father, entrepreneur. #LoveJapan
à¶¯à·šà·à¶´à·à¶½à¶±à·š à¶šà¶»à¶±à·€à· à¶šà·’à¶ºà¶½à· à·„à·œà¶»à· à¶šà¶± à¶‘à·€à·–à¶±à·Šà¶§ â›ˆï¸"
12,Galle_Watch,2836936358,Galle Watch,1568,1168,2014-10-01 16:44:43,59193,388,"Galle, Sri Lanka",False,What's up Galle. Twitter Bot that retweets #Galle tag.
13,worldofvikram,44907359,Vikram Malik,225,299,2009-06-05 14:47:48,4452,1,,False,Online Marketeer Par Excellence
14,dasediri,39010185,Dasun Edirisinghe,41,309,2009-05-10 06:40:29,365,0,Sri Lanka,False,Journalist
15,Thass283,978372152,Thass,1577,617,2012-11-29 13:40:04,323374,52,Sri Lankan,False,"Senior Citizen. Engineer. Social worker. 
Praying for Peace, Justice, Humanity for the oppressed, innocent children and victims of conflict."
16,twineryMAS,928673554186452993,TwineryMAS,1159,1410,2017-11-09 17:20:04,784,10,Sri Lanka,False,"Innovations for MAS. Creating, questioning and changing all things #tech and #textiles. Come see what weâ€™re doing"
17,mfirdows,197748020,Firdows,89,116,2010-10-02 10:23:45,4125,0,Doha & Colombo,False,"Llb (London), MSc (Liverpool), Llm - reading(Colombo) Researcher on Human Rights, Institutional Development, Reform and Cultural Studies."
18,LankaVoice,3021491215,Lanka Voice of Media,635,2846,2015-02-15 16:43:55,98308,18,Sri Lanka,False,ğŸ”´Ex-News editor ğŸ”´Ex-TV news presenter ğŸ”´Ex-News anchor ğŸ”´Ex- Publicity consultant for ADB BankğŸ”´Ex-Public Relations Executive for 03 TV& 04 Radio channels
19,Amethystinia,2268495480,Amethystinia Is âœ¨ğŸ³ï¸â€ğŸŒˆAn Internet AuntieğŸ³ï¸â€âš§ï¸âœ¨â„¢,3329,796,2013-12-30 07:31:47,247912,40,Sri Lanka,False,"Seelong Melayu. Muslimah. Feminist. Social psychologist. Netizen. à¶šà¶©à·Šà¶©à¶§ à¶¶à¶»à¶ºà·’, à·ƒà·’à¶‚à·„à¶½ à·„à·”à¶»à·”à¶ºà·’. RTs endorsed unless specified. Cis (she/her), aro, queer, polyam, D."
20,Rasiya_Twitz,2728834512,I'm Rasiya â˜•ï¸ğŸ–Š,2089,948,2014-08-13 07:55:01,20875,20,"Colombo, Srilanka",False,"Former Journalist | News Coordinator @ https://t.co/RMRbJCCGHP 
Only personal views !!

ğˆğ§ ğš ğ°ğ¨ğ«ğ¥ğ ğ¨ğŸ ğ°ğ¨ğ«ğ«ğ¢ğğ«ğ¬, ğ›ğ ğš ğ°ğšğ«ğ«ğ¢ğ¨ğ« ğŸ”¥"
21,tilakn,121698094,Tilak Nissanga,1700,1693,2010-03-10 09:09:52,14254,94,"Havelock Town, CMB Sri Lanka",False,"#IT Dev & Ops, #CurrentAffairs, #Film, Art & #Photo, #Sci & #Tech. #Reading on the #Kindle. Cover- Leopard in silhouette #Yala #SriLanka. RT's â‰  endorsements."
22,Vidiyallk,2374046070,Vidiyal.lk ğŸ‡±ğŸ‡°,15143,663,2014-03-05 16:48:36,22530,62,Sri Lanka ,False,https://t.co/h7Oisc0ro2
23,ApiWenuwen,3189787423,Truth First - Lanka,5419,779,2015-05-09 12:09:55,283542,61,Sri Lanka,False,"â€œyou can, you should, and if youâ€™re brave enough to start, you will.â€ğŸ‡±ğŸ‡°"
24,itsziaulhassan,253105781,Muhammad Hassan,63,51,2011-02-16 15:28:58,1263,1,Sri Lanka,False,IT Professional Graduate | Muslim | Founder of Youth Foundation | Blogger | Serious Joker |  Internet Addict | Friendly | Honest | Loyal | Husband | Father |
25,SanthushWeerako,2390492197,Santhush Weerakoon,126,116,2014-03-15 05:51:09,909,3,Sri Lanka,False,"Fascinated by the Natural World and the Wild, love to learn about History"
26,ZaidAkmal19,3783020957,ZAIDAKMALâœŒğŸ»,280,117,2015-09-26 15:02:02,1070,0,Sri Lanka,False,
27,tingilye,35476316,dharisha,36985,767,2009-04-26 14:36:18,18996,224,Colombo Sri Lanka,False,RTs are not endorsements. Views are strictly personal.
28,Coolnazmeer,241228244,Nazmeer Mohamed,261,2103,2011-01-21 19:28:00,2272,1,Sri Lanka,False,Be yourself ğŸ¤©ğŸ¤© the world will adjustğŸ˜
29,Ranjani_offl,1079957590765780994,Ranjani,14,119,2019-01-01 04:28:49,1581,0,Sri Lanka,False,Love music
30,AkpCaderGS,2176262498,à®…à®•à¯à®•à®°à¯ˆà®ªà¯à®ªà®±à¯à®±à¯ News,2384,155,2013-11-05 15:10:32,53551,36,"Akkaraipattu,Sri lanka",False,JMA Cader #retired Grama Niladari (GS) #Justice of Peace #Editor Of Weampu Magazine #News #Quran #Hathees #Janaza #Akkaraipattu #Akp +94769767552ğŸ“
31,Madushan1995,242654795,Madushan Ekanayaka,17,219,2011-01-25 08:24:44,786,0,Sri Lanka,False,Undergraduate
32,CanHCSriLanka,2513402306,Canada in Sri Lanka and Maldives,16932,1133,2014-05-21 19:06:14,8565,121,"Colombo, Sri Lanka",True,"FranÃ§ais: @HCCanSriLanka | ChargÃ© d'affaires: @DBood_Overseas
We are on FB as well! https://t.co/78CstcvB0jâ€¦"
33,Mujeeb_UrRahman,2422046018,Mujeeb ur Rahman,1724,3586,2014-04-01 12:38:05,4314,23,Sri Lanka,False,"Journalist & Column writer & Human Rights activist based in war area Psychology counselor

National Organizer for National Front for Good Governance"
34,Roshanbunny,80008003,RB ğŸ‡±ğŸ‡°ğŸ¦‡,327,367,2009-10-05 12:16:48,14028,23,Sri Lanka,False,"Sri Lankan ğŸ‡±ğŸ‡° Photo,Video Editor #batmansrilanka #rbgag Long Live The Bat ğŸ¦‡ https://t.co/ilHPLh6rka"
35,bundeljayse,316523639,Bandula Jayasekara,4983,78,2011-06-13 15:43:14,36001,100,Sri Lanka,False,"Former Newspaper Editor , Diplomat served in Toronto , New York , Sydney . Host- News 1st . Columnist - The island ğŸŒ´Terminally ill Cancer Patient"
36,RefaiRumaiza,1086957221538340864,Rumaiza Refai,15,126,2019-01-20 12:02:51,56,0,Sri Lanka,False,
37,munza14,251958790,Munza Mushtaq,61670,458,2011-02-14 05:24:58,45919,158,Based in Sri Lanka,True,Journalist - Contributing Writer @NikkeiAsia | Byline in @CSMonitor | @AJEnglish | @TRTWorld | @LATimes | @AnadoluAgency | @DW_GMF Fellow | #RupeeFund Charity
38,SankaD,104162964,Sanka Darshana,907,1362,2010-01-12 13:34:43,7546,7,Sri Lanka,False,Tweet about anything and everything. Working on/with Blockchains and DLTs. Pushing forward the dream of Web 3.0 #DrumsOfLiberation
39,slg_production,979280653500915712,Viran Kavinda,6,39,2018-03-29 08:54:36,69,0,Sri Lanka,False,Pc GamerğŸ’»ğŸ–±ï¸ Fortnite ğŸ”¥ğŸ”¥ğŸ‘ŒMusicianğŸ¸ğŸ¤ğŸµ
40,lahirru,1361922312,Lahirru Pothmulla,566,703,2013-04-18 13:32:51,4289,2,Colombo,False,"#Humanish #SriLankan #Asian (#Brown) #Writer #PsychGrad, Ex-Journalist @Dailymirror_SL, Ex-Web Editor @TheMorningLK, Ex-News Officer PMD"
41,ncdoluweera,964332412682485761,Naditha Doluweera,44,42,2018-02-16 02:55:38,1600,0,Sri Lanka,False,Chartered Project Manager / Building Engineer / Project Director / Businessman
42,kalpani19980401,971969008848093185,Kalpani Madhubhashini,34,77,2018-03-09 04:40:44,156,0,From S.L. kandy and colombo,False,"Singal and enjoy life
IDM student of HR and Marketing management faculty
Life is music 
Mother is best and one 
library trening   in Mahawali adhikariya ."
43,rameshliyanage,36101721,Ramesh Liyanage,1509,4253,2009-04-28 15:58:48,12828,12,"Colombo, Sri Lanka",False,"Director of InGame Entertainment - https://t.co/ZpORZ7z4Vp ğŸ‡±ğŸ‡° & InGame Esports | Web Dev + Production/Broadcast | Opinions are my own. RTs dont imply endorsement, DMs open."
44,UdeshikaKavindi,1120126480300687360,Kavindi Habaragamuwa,41,150,2019-04-22 00:45:38,88,1,Sri Lanka,False,M O O N C H I L D ğŸŒ
45,milindarj,36129748,Milinda Rajapaksha,25405,3228,2009-04-28 17:48:06,8930,172,Colombo,True,Additional Director General of @infodprtsl â€¢ Director of @MCND_lka â€¢ Former Member of the Colombo Municipal Council from @PodujanaParty â€¢ Author #SriLanka
46,sargemubeen,817820058,Mackie,74,343,2012-09-11 17:20:42,2992,3,Colombo,False,"Product Manage
er @ Kiki|Blogger ğŸ˜|Movie enthusiast ğŸ¬| Data Driven Digital Marketing"
47,Dewandara99,1120632975811592192,Dewmini FernandoğŸ‡±ğŸ‡°,11,40,2019-04-23 10:18:16,22,0,Sri Lanka,False,â€˜DewğŸ‘±ğŸ¼â€â™€ï¸ â€˜Non mollare mai Trova un modo per farlo accadereğŸ¤©
48,Tharaka_,170755609,Tharaka Basnayaka,1487,1911,2010-07-25 17:40:50,6677,25,Sri Lanka,False,ğŸ“¸ğŸŒAward-winning Photojournalist | ğŸ‘¨â€ğŸ“ğŸ‡ºğŸ‡¸ Graduate student  | personal views only
49,SelvaLoges,1472855060,Logeswaran,195,913,2013-05-31 19:00:02,400,0,Sri Lanka,False,"democratic citizen, Journalist & producer.. only personal views"
50,fiatjustita,2957819018,Now,324,1692,2015-01-04 01:06:08,6510,22,"Colombo, Sri Lanka",False,"Lover of Good books ,Good music.   and  Sense of humour.hate hypocracy & Corroupt politicians ,to me a spade is a spade !"
51,shakirrthawfeek,868640798320885760,Shakir Thawfeekâ„¢,130,21,2017-05-28 01:31:19,7496,0,"Colombo, Sri Lanka",False,"Founder and Managing director of M Media Network | CEO At 'MKMNEWS' | Social Activtist | 
Only Personal views!"
52,_LadyKaly,1052489857031757824,ğŸƒğŸŒ¸KalyğŸŒ¸ğŸƒ,542,399,2018-10-17 09:21:51,7534,5,Sri lanka,False,"It's your road, and yours alone. Others may walk it with you,
but no one can walk it for youâœ’NO DM â NO PORN â"
53,ahamednishadh,32428395,Ahamed Nishadh,2948,1677,2009-04-17 14:37:41,44620,96,Colombo Sri Lanka,False,"Tech, Cricket, Startups, Innovations and Sleep | Tweets are STRICTLY PERSONAL VIEWS ONLY!"
54,steve_naro,573349390,stephen goonawrdena,67,605,2012-05-07 06:14:48,627,0,Sri Lanka,False,
55,Magsluable,425886910,Umanga Settinayake,323,479,2011-12-01 15:21:30,1603,5,Sri Lanka,False,"Reader | Dreamer | Sleeper | Eater | Lover
Tweets are my own."
56,accelozo,1060483909358505984,Accelozo,33,23,2018-11-08 10:47:21,91,0,Sri Lanka,False,A data-driven #creative #DigitalMarketing agency. ğŸ¤  Accelozo - Stewards of Your Digital Navigation ğŸ†
57,ChandruLk,837936795367059456,P Chandramohan (Rj Chandru),10559,532,2017-03-04 08:04:34,3507,4,Sri Lanka,False,Radio Presenter | YouTube Blogger | JOURNALIST
58,kvnthemc,966857466544775168,Kevin Sarathchandra // KVN,122,56,2018-02-23 02:09:18,368,0,Sri Lanka,False,Mic Check 01-02! #CMBToTheWorld
59,ruzni_RF_faik,141848298,Ruzni Faik,823,784,2010-05-09 06:13:02,37971,21,"Colombo, Sri Lanka",False,ğŸ‡±ğŸ‡°
60,VishwajithVign1,1117145840227717120,Vishwajith Vigneshwaran,15,189,2019-04-13 19:21:38,82,0,Sri Lanka,False,I am a Sri Lankan
61,DRW_PREDATOR,1323847560,Æ¬Î‰Î SĞ¦PÎR PRÎDÎ›Æ¬Ó¨R,357,3208,2013-04-03 04:44:46,20816,1,Worldwide,False,"ğ•Šğ•¡ğ•–ğ•’ğ•œğ•–ğ•£ ğ• ğ•— ğ•¥ğ•£ğ•¦ğ•¥ğ•™,ğ•™ğ•’ğ•§ğ•– ğ•Ÿğ•  ğ•ğ•–ğ•£ğ•”ğ•ª ğ•Ÿ ğ•¤ğ•™ğ•’ğ•ğ• ğ•“ğ•– ğ•¥ğ• ğ•£ğ•¥ğ•¦ğ•£ğ•–ğ•• ğ•“ğ•ª ğ••ğ•’ ğ•ğ•’ğ•¨ğ•¤ ğ• ğ•— ğ•Ÿğ•’ğ•¥ğ•¦ğ•£ğ•– ğ•¥ğ•šğ•ğ• ğ•™ğ•– ğ•’ğ•¥ğ•¥ğ•’ğ•šğ•Ÿ ğ•šğ•¥"
62,chamikarasumudu,2477102623,CHâˆ†MÂ¶Kâˆ†Râˆ†,2587,1116,2014-05-04 16:08:35,24883,12,Sri Lanka,False,music â¤ /ğŸ‘£ /ğŸ“· /à¶­à·€ à¶‘à¶šà·“ à¶±à·œà¶šà·“ à¶¸à·™à¶šà·“ à·ƒà·’à¶ºà¶½à·Šà¶½à¶¸ à¶­à¶¸à¶ºà·’  ğŸ˜†ğŸ˜†ğŸ˜†ğŸ˜†
63,maliga_samadhi,1030811961892765696,Sam with luv,279,387,2018-08-18 13:41:38,8710,0,Sri Lanka,False,Bts fan here
64,iAnuradhaS,1110131239837523973,Anuradha Sooriyarachchi,28454,149,2019-03-25 10:48:07,17056,8,Sri Lanka,False,Social/Digital Media Consultant | Content Creator | Blogger ~ Simple Beauty & the Stylist finds in-between. ğŸ–Rank: 3rd Top Influencer in Sri Lanka âš½ï¸
65,19Ashwin90,66456606,Citizen Zero,20,50,2009-08-17 19:22:45,255,0,Sri Lanka,False,Goody gum drops.
66,newsradiolk,121709003,NewsRadio - TNLRN,4908,24,2010-03-10 10:10:19,66474,73,"Colombo, Sri Lanka",False,"As the News team of TNL Radio Network, we keep you up to date on the stories that matter. Follow us for breaking news both in #lka and around the world."
67,Naaleer,181108553,Naaleer~~,120,688,2010-08-21 08:48:34,516,0,"Kalmunai, Sri Lanka",False,"Ministry of Public Admin |
B. COM (Special), MAAT, CA (BL), AMA, DCS | CCAS |

Lecturer in Taxation & Law |
@IGK | KANS ASSOCIATES |
Badminton| POS | ERP"
68,AbinithAj,1108383770443431936,AJ Abinith Jathushan,88,444,2019-03-20 15:04:18,2930,0,Sri Lanka,False,â‚¬â‚¬â‚¬ğŸ˜ Follow your hearthğŸ˜‹
69,imkogulan,3060773431,Kogulan ğŸ‡±ğŸ‡°,87,769,2015-03-04 03:01:28,321,0,analaitivu  Sri Lanka,False,Enjoy Every Moment ğŸ˜„
70,zhagaram_nokki,1020963835,Dr. S Sylvester Darvin - (à®´à®•à®°à®®à¯ à®¨à¯‹à®•à¯à®•à®¿),2907,949,2012-12-19 00:16:49,52076,4,Sri Lanka,False,"à®‡à®¯à®±à¯à®•à¯ˆ à®®à®°à¯à®¤à¯à®¤à¯à®µ à®†à®¯à¯à®µà®¾à®³à®©à¯ (à®†à®¯à¯à®°à¯à®µà¯‡à®¤à®®à¯ à®®à®±à¯à®±à¯à®®à¯ à®šà®¿à®¤à¯à®¤ à®®à®°à¯à®¤à¯à®¤à¯à®µà®®à¯), Researcher, Proud à®¤à®®à®¿à®´à®©à¯, SriLankan, Admin of à®´à®•à®°à®®à¯ à®¨à¯‹à®•à¯à®•à®¿"
71,DWickramasinghe,146018137,Damitha Wickramasinghe,2259,189,2010-05-20 12:09:49,1821,12,"Colombo, Sri Lanka",False,"Chairman,
Vocational Training Authority of Sri Lanka"
72,Quasiapodittico,948461033609465856,Piero,456,661,2018-01-03 07:48:26,14499,3,"Monte Colombo, Emilia Romagna",False,
73,krevin_jude,821756586284683264,KreVin JuDe SFC | Ë¢áµ’áµ’Ê³áµƒÊ³áµƒâ± áµ–áµ’áµ—áµ—Ê³áµ˜ ğŸ‡±ğŸ‡°,121,88,2017-01-18 16:30:12,20444,2,Sri Lanka,False,Die Hard Fan Of @Suriya_offl Anna & @thisisysr | Designer | Editor | Accountant ğŸ‡±ğŸ‡°
74,Kaviabish,1009872279394766848,Kavi vijayğŸ’•,235,472,2018-06-21 18:54:48,6118,0,Sri LankağŸ‡±ğŸ‡°  ğŸ‡±ğŸ‡°ğŸ‡¸ğŸ‡¦ğŸ‡¸ğŸ‡¦,False,"à®à®©à¯à®©à¯‹à®Ÿ à®…à®£à¯à®£à®©à¯ğŸ’• à®à®©à¯à®©à¯‹à®Ÿ à®¤à®³à®ªà®¤à®¿ à®µà®¿à®à®¯à¯ğŸ˜ 
Samantha ğŸ˜ğŸ˜
i love my appağŸ˜ Miss you appağŸ˜”
I love my jopğŸ’“
April 30ğŸŒ·"
75,NazreenaAhamed,970355766472343553,Nazreena Ahmad,32,132,2018-03-04 17:50:17,108,0,"Colombo, Sri Lanka",False,"Love for all, Hatred for none"
76,n_fazmina,753456436001198081,Fazmina Noordeen ãƒ„,2142,702,2016-07-14 05:09:47,123142,22,Sri Lanka,False,Crazy fan of @Theniasharma
77,daphniflo,4523288669,DF,409,26,2015-12-18 09:36:30,8950,2,Sri Lanka,False,I am thankful
78,VKOfcl,1027202793080123398,V I K R A M ã‚·ï¸,3589,381,2018-08-08 14:40:05,38284,1,Sri Lanka,False,
79,HoneyBadgerRulz,3243547586,Honey Badger,229,1269,2015-06-12 18:57:31,9743,20,"Who cares, ğŸ‡±ğŸ‡°",False,Big-Government Hater | UFC/MMA maniac |  ğŸ˜œ  Fighting for Small Governments & FğŸ–•ck WEF
80,SEMIEXOL1285,834643376964202496,Semi exozen SL,194,391,2017-02-23 05:57:42,1090,0,Sri Lanka,False,"BE BRAVE BE HUMBLE 
EXOL and NCTZEN
FROM SRI LANKA
EXO +EXOL=HAPPINESS
TO THE WORLD"
81,Thozhy_Sharu,872081628046163968,Sharu,74,411,2017-06-06 13:23:57,1475,0,Sri Lanka,False,"Governorâ€™s secretariat office , Northern Province à®à®™à¯à®•à¯‹ à®“à®°à¯ à®®à¯‚à®²à¯ˆà®¯à®¿à®²à¯ à®à®©à®•à¯à®•à®¾à®© à®µà®¾à®´à¯à®µà¯ à®®à¯à®Ÿà®™à¯à®•à®¿à®•à¯à®•à®¿à®Ÿà®•à¯à®• à®¤à®¿à®•à¯à®•à®±à¯à®±à®¤à¯Šà®°à¯ à®à®•à®µà®©à®¤à¯à®¤à®¿à®²à¯ à®¨à®Ÿà®¨à¯à®¤à¯à®•à®³à¯ˆà®•à¯à®•à®¿à®±à¯‡à®©à¯"
82,KaviSigera,999473023458492417,Kavi,46,153,2018-05-24 02:11:52,451,0,"Colombo, Sri lanka ",False,
83,Viyasan95,952029886998306816,Viyasan Pranavanathan,20,177,2018-01-13 04:09:47,455,0,Sri Lanka,False,"Electrical Engineer- (final year)
Human being  #Hindu"
84,denethDD,815060954429784064,ğŸ¥·ğŸ»,18,33,2016-12-31 05:04:09,2241,0,Sri Lanka,False,ğŸ¥·ğŸ»ğŸ¥·ğŸ»
85,ItzMeghani,230430144,Megh (RK's Rabdi),3532,142,2010-12-25 12:45:48,128302,28,Sri Lanka,False,Meghani | Wannabe Artist | Engineer by profession | @RKFanGhosts | @MeghCreations
86,janiwick,1037988621427474433,Janith Wickramasuriya,132,904,2018-09-07 08:59:07,1759,2,Sri Lanka,False,"ğŸ”¥A student foreverğŸ”¥
ğŸš€Content Writer| Day trade attention 
ğŸ–Marketing Undergraduate
â¤perspective is everythingâ¤"
87,aritha,17628299,Aritha W,2701,637,2008-11-25 19:20:00,4028,18,"London, Colombo and the World",False,"Banking Lawyer, Human Rights Activist, Adventurer. Tweets are personal."
88,Rangaslk,892932354,Ranga Pallawala,1245,1811,2012-10-20 10:15:51,10159,128,Sri Lanka,False,"National Climate Finance Advisor for #Belize @CommonwealthSec 
Own views, RT not =endorsements ğŸ‡±ğŸ‡° ğŸ‡§ğŸ‡¿"
89,dickshanDC,767884597027667968,Dickshan,168,687,2016-08-23 00:42:09,42,0,Sri Lanka,False,Technology & Science
90,sankaran_hpy,1019811863905808384,â™¥ï¸Sankaran Hpyâ™¥ï¸,158,2277,2018-07-19 05:11:10,5147,1,"Sri Lanka,Badulla",False,"ğŸ”¥I Am Marvel Fan And I Am Big Fan Of Iron ManğŸ”¥,ğŸ’ŸI Love Athulya AkkağŸ’Ÿ"
91,surenmcj,2395133557,susai surender,1743,710,2014-03-17 21:28:36,72958,24,Sri Lanka|kandy|,False,"ğŸ‡±ğŸ‡°Everest my goal|live life ||LikesCooking
SurenmcjRecipe |Friendship|MMA|Kudo_style
 https://t.co/amOzBEvB5i."
92,Infinity_Senzar,829819524258029568,InFiNITy_Gaming,70,35,2017-02-09 22:29:26,402,1,Sri Lanka,False,Binance Trader â¤
93,Praseen7,931341134240022533,PRASEEN_WALKER,120,766,2017-11-17 02:00:04,1772,0,Sri Lanka,False,A Brave à®¤à®®à®¿à®´à®©à¯ | Following BIT degree | Interest to hear technology related news | Small YouTuber || Still SINGLE READY TO MINGLE || FAN of DHONI & VIJAY
94,JaiTRaymond,943835120661700610,Jai Raymond,58,235,2017-12-21 13:26:43,2476,1,Sri Lanka,False,ğŸ‡±ğŸ‡°
95,LeonFW01,213554543,Leon Fernando,66,167,2010-11-09 06:12:34,1311,0,Sri Lanka,False,Psalm 46:5
96,HirzamM,802322515456651265,Hirzam  M.H.M,6,78,2016-11-26 01:26:08,6,0,Sri Lanka,False,hi
97,iantolish,260201103,Lishan,3917,1753,2011-03-03 12:07:59,46495,22,Colombo,False,Tamil / Catholic / India Cricket Team / Sri Lankan
98,Riddle_99,915771975028531202,YoHaN RoMeSh,131,165,2017-10-05 02:53:47,967,0,Colombo,False,"Undergraduate at University Of ColomboğŸ‘¨ğŸ»â€ğŸ“
Co-VP at Rotaract UOC,FOAğŸ’œï¸. BloggerğŸ“
Member of CSM UOCâœï¸
JosephianğŸ’™ I like Chess and Footballâ¤ï¸"
99,ThilinaRajapak5,1056415301632430086,Thilina Rajapakse,54,74,2018-10-28 05:20:09,507,0,Sri Lanka,False,#SriLanka #LKA
100,Abish33989595,1102569679346851840,Abish,8,205,2019-03-04 14:01:11,158,1,Sri Lanka,False,#LOVE mY selfâ™¡
101,KosiWick,66630764,Kosi Wick,142,410,2009-08-18 08:22:23,200,3,"Colombo, Sri Lanka",False,Wandering Photographer from Sri Lanka looking to make an impact in this world...  ğŸ“· @kosiwick
102,awanthirox,183135640,Awanthi,2054,1991,2010-08-26 06:42:44,31883,47,"Kandy, Sri Lanka",False,"Hi. I'm Awanthi. I'm an Asian..
.
.
ThÃ¨y mÃ…y saÃ½ ThaT I'm Ã¤ ÄreamÄ—r.. But I'M Ã±ot The onLÃ½ Å‘nÄ—"
103,ThePerlmanator,2185075165,Anthony Perlman,66,223,2013-11-09 21:28:29,1547,2,Seychelles,False,#stayhomesavelives
104,travisantoniog,1230132044,Travis,122,72,2013-03-01 15:39:13,1380,2,Sri Lanka,False,"Avid reader of Historical fiction, High fantasy novels, Comics & Graphic Novels. Passionate about teaching & the future of education in general."
105,anp66,235552234,ğ—”ğ˜€ğ—µğ—®ğ—» ğ—£ğ—®ğ—¿ğ—®ğ—»ğ—®ğ—µğ—²ğ˜„ğ—®ğŸ‡±ğŸ‡°,1717,1145,2011-01-08 13:53:27,9950,51,"Colombo , Sri Lanka",False,Journalist/CEO & Founder of #PetTalk/Entrepreneur/Guest Lecturer/Animal Rights activist/ Environmentalist/Program Director/Presenter/Photographer/Trend Creator
106,dilhanfernando,2822489988,Dilhan C. Fernando,1528,727,2014-09-20 18:32:11,445,5,"Colombo, Sri Lanka",False,"Loves Tea, Kindness, Nature, Family & Jesus Christ. CEO of Dilmah Tea, Dilmah Conservation, Trustee MJF Foundation, Chair, Biodiversity Sri Lanka & UNGC SL."
107,KawinduE,4904383315,pictures without root,91,842,2016-02-14 01:20:25,849,0,Sri Lanka,False,"LKğŸ‡±ğŸ‡° | USJP/FMSCğŸ“ | #LimitedEditionâ„¢ï¸ | 
 Traveler â›°ï¸ğŸ–ï¸ï¸ğŸ•ï¸ | PhotographerğŸ“· | GameOfThronesğŸ¤º | EDMğŸ§ |"
108,SerendibRoots,1097077364780158976,Serendib Roots,46,271,2019-02-17 10:16:41,80,0,Sri Lanka,False,Dedicated to provide a wide array of Sri Lankan travel experiences to the world.. Tour planning from budget to luxury going the extra mile just for you..
109,njhimslef,23918227,NJ,199,1637,2009-03-12 07:44:38,4273,4,"Colombo, Sri Lanka",False,Analysts | DJ | Music Producer | Friend | Human
110,nuw_rf,757121965,Dr.Nuwanthi Fernando,2108,4987,2012-08-14 13:03:22,4158,61,Sri Lanka,False,"An educator, medical editor and an aspiring surgeon #surgery #leadership #medicaleducation"
111,KumarLopez,138026894,Kumar Lopez,291,81,2010-04-28 12:33:18,1387,10,Sri Lanka,False,"An IT professional who has moved to Leadership and Management. Presently working with Media & Journalists, as an advocate for media freedom and good governance"
112,iRadshagan,1631931578,Radshagan ï£¿,815,14,2013-07-30 03:44:07,1563,0,Colombo ğŸ‡±ğŸ‡° ,False,Married ğŸ•‰â˜¸ï¸
113,josephthavaraja,1863660890,Joseph Thavaraja,125,80,2013-09-14 12:22:42,1866,2,SRI LANKA,False,"Staying grounded with 1/more tweets Â¶ RTs aren't endorsements Â¶ Opinions R mine, not anyone's but some RTs as is Â¶"
114,Heshoban,451562001,Heshoban,47,74,2011-12-31 17:45:31,160,1,Sri Lanka,False,"à®¸à¯à®°à¯€ à¶½à¶‚à®•à®©à¯
Developmental Practitioner
| Psychology | Human Rights | Karnatic Music | 

""Work with people for the people in need"""
115,dakki_16,603344351,Dakshitha,1639,1046,2012-06-09 05:45:05,11140,39,London | Colombo,False,Policy & Rights | Consultant @FP2030Global | @uclspp Alumnus | @WomenDeliver Board | CoFounder @YANSriLanka | @cheveningfco scholar | Former @iapewec | ğŸ‡±ğŸ‡°
116,cmbcityhotel,3636954492,Colombo City Hotel,436,0,2015-09-21 11:01:58,973,10,Sri Lanka,False,"Colombo City Hotel, Situated in the heart of the city of Colombo adjoining the World Trade Centre and the port of Colombo"
117,ARVLoshan,18893698,Loshan - ARVLOSHAN,14984,1260,2009-01-12 06:34:01,57935,78,"Colombo, Sri lanka",False,"à®®à¯à®©à¯à®©à®¾à®³à¯ à®®à¯à®´à¯à®¨à¯‡à®° à®’à®²à®¿à®ªà®°à®ªà¯à®ªà®¾à®³à®©à¯ à®à®ªà¯à®ªà¯‹à®¤à¯à®®à¯ à®•à®±à¯à®±à¯à®•à¯à®•à¯Šà®³à¯à®ªà®µà®©à¯, à®•à¯à®°à®²à¯ à®¤à®°à¯à®ªà®µà®©à¯ - Freelance media professional https://t.co/hUAau7ZsZ5"
118,MarieszCader,771971709951995904,Mariesz Cader,152,753,2016-09-03 07:22:52,3021,2,Sri Lanka,False,"Singer
Songwriter
Event Manager
Entrepreneur

#Mariesz #mayakaari #connected"
119,EmbarkLK,100192159,Embark Sri Lanka,9614,86,2009-12-29 10:21:51,8373,65,Sri Lanka,False,Transforming the lives of street dogs in Sri Lanka. Embark was founded by Otara Gunewardene (https://t.co/SXzdSN9rS0).
120,PrishanPhoto,63481751,Prishan Pandithage,843,1971,2009-08-06 16:40:19,3417,73,Sri Lanka ,False,Professional Portrait & Commercial Photographer #prishan #prishanportraits
121,MFA_SriLanka,1411941818,MFA SriLanka ğŸ‡±ğŸ‡°,36224,599,2013-05-08 04:37:44,5896,253,"Colombo, Sri Lanka",True,Official Twitter Account of the Foreign Ministry of Sri Lanka ğŸ‡±ğŸ‡° | Spokesperson - @MFASriLanka | Consular Info - @ConsularSL | #DiplomacyLk #SriLanka #lka
